symbol,name,sector,market_cap_cr,avg_volume,current_price
RELIANCE,Reliance Industries Limited,Energy,1789939.99,19155701,1322.7
HDFCBANK,HDFC Bank Limited,Financial Services,1173824.42,34768912,762.45
BHARTIARTL,Bharti Airtel Limited,Communication Services,1165603.16,9658885,1913.5
ICICIBANK,ICICI Bank Limited,Financial Services,889488.67,17867877,1240.8
SBIN,State Bank of India,Financial Services,875800.98,18421117,948.8
TCS,Tata Consultancy Services Limited,Technology,841965.16,4023619,2327.1
BAJFINANCE,Bajaj Finance Limited,Financial Services,574251.96,7373630,923.55
LT,Larsen & Toubro Limited,Industrials,539399.5,2585290,3921.0
HINDUNILVR,Hindustan Unilever Limited,Consumer Defensive,524640.22,1829678,2232.9
LICI,Life Insurance Corporation of India,Financial Services,508213.54,1119005,803.5
INFY,Infosys Limited,Technology,484386.38,13723296,1196.9
SUNPHARMA,Sun Pharmaceutical Industries Limited,Healthcare,451626.82,5126732,1882.3
SUNPHARMA,Sun Pharmaceutical Industries Limited,Healthcare,451626.82,5126732,1882.3
MARUTI,Maruti Suzuki India Limited,Consumer Cyclical,407339.95,440306,12956.0
ADANIPORTS,Adani Ports and Special Economic Zone Limited,Industrials,406141.9,3441664,1762.8
ITC,ITC Limited,Consumer Defensive,388789.38,16815750,310.3
ITC,ITC Limited,Consumer Defensive,388789.38,16815750,310.3
AXISBANK,Axis Bank Limited,Financial Services,385030.47,6913598,1238.3
KOTAKBANK,Kotak Mahindra Bank Limited,Financial Services,379905.25,19706418,381.95
NTPC,NTPC Limited,Utilities,377588.18,8714047,389.4
ADANIENT,Adani Enterprises Limited,Energy,373582.31,3052035,2725.0
ONGC,Oil and Natural Gas Corporation Limited,Energy,373005.27,17003291,296.5
M&M,Mahindra & Mahindra Limited,Consumer Cyclical,371311.72,3012490,3092.3
TITAN,Titan Company Limited,Consumer Cyclical,363865.96,1404218,4102.0
ULTRACEMCO,UltraTech Cement Limited,Basic Materials,334412.04,338125,11368.0
ULTRACEMCO,UltraTech Cement Limited,Basic Materials,334412.04,338125,11368.0
HCLTECH,HCL Technologies Limited,Technology,319104.67,5597598,1179.4
BEL,Bharat Electronics Limited,Industrials,309167.1,11482192,422.95
HAL,Hindustan Aeronautics Limited,Industrials,289793.59,1270687,4333.2
BAJAJ-AUTO,Bajaj Auto Limited,Consumer Cyclical,284996.82,400465,10205.0
COALINDIA,Coal India Limited,Energy,281605.89,10771525,456.95
COALINDIA,Coal India Limited,Energy,281605.89,10771525,456.95
BAJAJFINSV,Bajaj Finserv Ltd.,Financial Services,279706.99,1119177,1749.8
POWERGRID,Power Grid Corporation of India Limited,Utilities,277716.04,9660398,298.6
DMART,Avenue Supermarts Limited,Consumer Defensive,276256.57,353240,4236.0
NESTLEIND,Nestlé India Limited,Consumer Defensive,276018.91,2667399,1431.4
HINDZINC,Hindustan Zinc Limited,Basic Materials,267293.66,7299736,632.6
TATASTEEL,Tata Steel Limited,Basic Materials,261023.31,27411246,209.29
ASIANPAINT,Asian Paints Limited,Basic Materials,249314.62,1035847,2600.7
HINDALCO,Hindalco Industries Limited,Basic Materials,234415.93,4284351,1048.3
WIPRO,Wipro Limited,Technology,204637.86,19121688,195.17
GRASIM,Grasim Industries Limited,Basic Materials,199057.28,880852,2935.2
GRASIM,Grasim Industries Limited,Basic Materials,199057.28,880852,2935.2
SBILIFE,SBI Life Insurance Company Limited,Financial Services,188736.69,1738273,1881.4
SBILIFE,SBI Life Insurance Company Limited,Financial Services,188736.69,1738273,1881.4
DIVISLAB,Divi's Laboratories Limited,Healthcare,183491.87,300340,6912.0
VBL,Varun Beverages Limited,Consumer Defensive,174120.59,7517829,514.8
BSE,BSE Limited,Financial Services,170200.57,3765673,4190.8
BSE,BSE Limited,Financial Services,170200.57,3765673,4190.8
SOLARINDS,Solar Industries India Limited,Basic Materials,163931.79,180359,18116.0
INDIGO,InterGlobe Aviation Limited,Industrials,163563.28,1149709,4230.3
TVSMOTOR,TVS Motor Company Limited,Consumer Cyclical,156035.78,1027752,3283.4
TORNTPHARM,Torrent Pharmaceuticals Limited,Healthcare,150950.05,285475,4460.1
PIDILITIND,Pidilite Industries Limited,Basic Materials,148167.75,1055343,1455.8
PIDILITIND,Pidilite Industries Limited,Basic Materials,148167.75,1055343,1455.8
IDEA,Vodafone Idea Limited,Communication Services,146479.79,534006647,13.52
CUMMINSIND,Cummins India Limited,Industrials,145640.88,429345,5254.0
TRENT,Trent Limited,Consumer Cyclical,144669.17,1146266,4069.6
TRENT,Trent Limited,Consumer Cyclical,144669.17,1146266,4069.6
DLF,DLF Limited,Real Estate,142924.5,3244249,577.4
PFC,Power Finance Corporation Limited,Financial Services,142432.39,6740794,431.6
MOTHERSON,Samvardhana Motherson International Limited,Consumer Cyclical,138475.16,18279805,131.49
POLYCAB,Polycab India Limited,Industrials,137941.9,485424,9162.5
MUTHOOTFIN,Muthoot Finance Limited,Financial Services,132629.14,782149,3303.6
MUTHOOTFIN,Muthoot Finance Limited,Financial Services,132629.14,782149,3303.6
TATAPOWER,Tata Power Company Limited,Utilities,132606.59,7721332,415.0
TATAPOWER,Tata Power Company Limited,Utilities,132606.59,7721332,415.0
VEDL,Vedanta Limited,Basic Materials,131845.63,42972314,337.65
VEDL,Vedanta Limited,Basic Materials,131845.63,42972314,337.65
VEDL,Vedanta Limited,Basic Materials,131845.63,42972314,337.65
BRITANNIA,Britannia Industries Limited,Consumer Defensive,130466.3,539114,5416.5
TECHM,Tech Mahindra Limited,Technology,129943.76,2896079,1467.1
TECHM,Tech Mahindra Limited,Technology,129943.76,2896079,1467.1
CGPOWER,CG Power and Industrial Solutions Limited,Industrials,129052.01,4006317,819.4
CHOLAFIN,Cholamandalam Investment and Finance Company Limited,Financial Services,128820.31,1866879,1511.4
SIEMENS,Siemens Limited,Industrials,126454.83,436242,3550.9
SIEMENS,Siemens Limited,Industrials,126454.83,436242,3550.9
UNIONBANK,Union Bank of India,Financial Services,121343.8,17203253,158.96
UNIONBANK,Union Bank of India,Financial Services,121343.8,17203253,158.96
TATACONSUM,Tata Consumer Products Limited,Consumer Defensive,119826.47,2573281,1210.9
PNB,Punjab National Bank,Financial Services,116423.51,22328529,101.3
CANBK,Canara Bank,Financial Services,114426.26,22235345,126.15
INDUSTOWER,Indus Towers Limited,Communication Services,113583.77,7456134,430.7
DRREDDY,Dr. Reddy's Laboratories Limited,Healthcare,111168.06,3186451,1335.2
INDIANB,Indian Bank,Financial Services,110060.42,2699438,817.1
MARICO,Marico Limited,Consumer Defensive,107739.52,1794464,831.45
MARICO,Marico Limited,Consumer Defensive,107739.52,1794464,831.45
LUPIN,Lupin Limited,Healthcare,104583.55,1387284,2287.4
GODREJCP,Godrej Consumer Products Limited,Consumer Defensive,104575.6,1821475,1022.0
MANKIND,Mankind Pharma Limited,Healthcare,102901.59,533194,2492.6
GAIL,GAIL (India) Limited,Utilities,102650.14,9119916,156.12
ZYDUSLIFE,Zydus Lifesciences Limited,Healthcare,102525.18,1242113,1018.9
ZYDUSLIFE,Zydus Lifesciences Limited,Healthcare,102525.18,1242113,1018.9
HEROMOTOCO,Hero MotoCorp Limited,Consumer Cyclical,100196.54,639878,5007.5
MAZDOCK,Mazagon Dock Shipbuilders Limited,Industrials,97730.91,1740771,2422.8
MAZDOCK,Mazagon Dock Shipbuilders Limited,Industrials,97730.91,1740771,2422.8
UNITDSPR,UNITDSPR,Consumer Defensive,94918.59,1179355,1304.9
JSWENERGY,JSW Energy Limited,Utilities,93627.89,4303960,533.15
JSWENERGY,JSW Energy Limited,Utilities,93627.89,4303960,533.15
INDHOTEL,The Indian Hotels Company Limited,Consumer Cyclical,92914.54,2421109,652.75
INDHOTEL,The Indian Hotels Company Limited,Consumer Cyclical,92914.54,2421109,652.75
ABCAPITAL,Aditya Birla Capital Limited,Financial Services,92043.02,4957317,351.2
ABCAPITAL,Aditya Birla Capital Limited,Financial Services,92043.02,4957317,351.2
ASHOKLEY,Ashok Leyland Limited,Industrials,88918.41,19287006,151.38
RECLTD,REC Limited,Financial Services,88015.51,6621296,334.25
RECLTD,REC Limited,Financial Services,88015.51,6621296,334.25
AUROPHARMA,Aurobindo Pharma Limited,Healthcare,87043.17,1223187,1512.8
AUROPHARMA,Aurobindo Pharma Limited,Healthcare,87043.17,1223187,1512.8
MCX,Multi Commodity Exchange of India Limited,Financial Services,86908.93,2721413,3414.7
OFSS,Oracle Financial Services Software Limited,Technology,83980.44,429551,9646.0
OFSS,Oracle Financial Services Software Limited,Technology,83980.44,429551,9646.0
OIL,Oil India Limited,Energy,81606.91,6545749,501.7
OIL,Oil India Limited,Energy,81606.91,6545749,501.7
DABUR,Dabur India Limited,Consumer Defensive,80312.68,2139200,452.8
NHPC,NHPC Limited,Utilities,79416.04,14218462,79.06
PERSISTENT,Persistent Systems Limited,Technology,79151.33,734605,5066.3
PERSISTENT,Persistent Systems Limited,Technology,79151.33,734605,5066.3
IDBI,IDBI Bank Limited,Financial Services,79094.67,9480461,73.56
HINDPETRO,Hindustan Petroleum Corporation Limited,Energy,78942.21,7600531,371.0
NMDC,NMDC Limited,Basic Materials,78264.76,22340438,89.02
NMDC,NMDC Limited,Basic Materials,78264.76,22340438,89.02
SRF,SRF Limited,Industrials,78168.2,593301,2637.2
SRF,SRF Limited,Industrials,78168.2,593301,2637.2
HAVELLS,Havells India Limited,Industrials,75722.44,1349532,1207.2
ICICIPRULI,ICICI Prudential Life Insurance Company Limited,Financial Services,75657.37,1521125,522.15
TORNTPOWER,Torrent Power Limited,Utilities,74592.85,800425,1480.3
NATIONALUM,National Aluminium Company Limited,Basic Materials,73272.43,8427965,398.95
AUBANK,AU Small Finance Bank Limited,Financial Services,72732.99,2135209,971.9
LAURUSLABS,Laurus Labs Limited,Healthcare,72622.81,2303058,1344.9
SUZLON,Suzlon Energy Limited,Industrials,72569.66,99397182,52.91
FORTIS,Fortis Healthcare Limited,Healthcare,72517.5,1357496,960.55
FEDERALBNK,The Federal Bank Limited,Financial Services,70620.36,8141385,286.6
INDUSINDBK,IndusInd Bank Limited,Financial Services,69749.47,2433142,895.25
NAM-INDIA,Nippon Life India Asset Management Limited,Financial Services,69075.68,1296305,1082.2
YESBANK,Yes Bank Limited,Financial Services,68954.01,133692258,21.97
YESBANK,Yes Bank Limited,Financial Services,68954.01,133692258,21.97
ATGL,Adani Total Gas Limited,Utilities,68551.16,3131139,623.3
GLENMARK,Glenmark Pharmaceuticals Limited,Healthcare,67894.69,711612,2405.9
GLENMARK,Glenmark Pharmaceuticals Limited,Healthcare,67894.69,711612,2405.9
DIXON,Dixon Technologies (India) Limited,Technology,67045.61,696349,11048.0
DIXON,Dixon Technologies (India) Limited,Technology,67045.61,696349,11048.0
ALKEM,Alkem Laboratories Limited,Healthcare,65402.06,100774,5470.0
BANKINDIA,Bank of India Limited,Financial Services,63118.19,11609483,138.64
SCHAEFFLER,Schaeffler India Limited,Consumer Cyclical,62330.78,100483,3987.8
SCHAEFFLER,Schaeffler India Limited,Consumer Cyclical,62330.78,100483,3987.8
PHOENIXLTD,The Phoenix Mills Limited,Real Estate,61578.54,455414,1721.8
PHOENIXLTD,The Phoenix Mills Limited,Real Estate,61578.54,455414,1721.8
COFORGE,Coforge Limited,Technology,60715.99,4540793,1412.0
COFORGE,Coforge Limited,Technology,60715.99,4540793,1412.0
NAUKRI,Info Edge (India) Limited,Communication Services,60476.0,1566068,933.65
NAUKRI,Info Edge (India) Limited,Communication Services,60476.0,1566068,933.65
COLPAL,Colgate-Palmolive (India) Limited,Consumer Defensive,59518.62,372729,2188.3
COLPAL,Colgate-Palmolive (India) Limited,Consumer Defensive,59518.62,372729,2188.3
SBICARD,SBI Cards and Payment Services Limited,Financial Services,59361.14,1578799,623.8
SBICARD,SBI Cards and Payment Services Limited,Financial Services,59361.14,1578799,623.8
PRESTIGE,Prestige Estates Projects Limited,Real Estate,59315.86,593702,1377.1
OBEROIRLTY,Oberoi Realty Limited,Real Estate,58976.29,454523,1622.0
OBEROIRLTY,Oberoi Realty Limited,Real Estate,58976.29,454523,1622.0
IDFCFIRSTB,IDFC First Bank Limited,Financial Services,58372.99,21648273,67.81
IDFCFIRSTB,IDFC First Bank Limited,Financial Services,58372.99,21648273,67.81
TIINDIA,Tube Investments of India Limited,Industrials,55979.36,399334,2892.2
TIINDIA,Tube Investments of India Limited,Industrials,55979.36,399334,2892.2
MFSL,Max Financial Services Limited,Financial Services,55566.23,622646,1617.9
HINDCOPPER,Hindustan Copper Limited,Basic Materials,55072.02,6612514,569.5
UPL,UPL Limited,Basic Materials,53531.85,2146011,633.3
UPL,UPL Limited,Basic Materials,53531.85,2146011,633.3
APLAPOLLO,APL Apollo Tubes Limited,Basic Materials,51769.41,680238,1864.5
APLAPOLLO,APL Apollo Tubes Limited,Basic Materials,51769.41,680238,1864.5
GODREJPROP,Godrej Properties Limited,Real Estate,51669.18,987000,1715.4
MOTILALOFS,Motilal Oswal Financial Services Limited,Financial Services,51230.99,1351503,850.95
THERMAX,Thermax Limited,Industrials,49752.41,378093,4416.6
NLCINDIA,NLC India Limited,Utilities,49690.13,9619627,358.35
KEI,KEI Industries Limited,Industrials,48588.04,484574,5082.4
KEI,KEI Industries Limited,Industrials,48588.04,484574,5082.4
RADICO,Radico Khaitan Limited,Consumer Defensive,48213.95,511509,3599.9
BDL,Bharat Dynamics Limited,Industrials,48085.67,1168921,1311.8
PIIND,PI Industries Limited,Basic Materials,47401.19,247979,3124.6
TATACOMM,Tata Communications Limited,Communication Services,46928.1,548888,1646.6
TATACOMM,Tata Communications Limited,Communication Services,46928.1,548888,1646.6
360ONE,360 One Wam Limited,Financial Services,44627.47,1159180,1098.4
SUPREMEIND,The Supreme Industries Limited,Industrials,43796.2,252239,3446.3
VOLTAS,Voltas Limited,Consumer Cyclical,43101.04,1143110,1302.6
IRCTC,Indian Railway Catering & Tourism Corporation Limited,Consumer Cyclical,42384.0,1241115,529.8
MPHASIS,Mphasis Limited,Technology,42370.93,573232,2220.5
MPHASIS,Mphasis Limited,Technology,42370.93,573232,2220.5
AJANTPHARM,Ajanta Pharma Limited,Healthcare,40581.59,138988,3248.2
HUDCO,Housing and Urban Development Corporation Limited,Financial Services,40460.4,6620206,202.11
PETRONET,Petronet LNG Limited,Energy,39772.5,2864463,265.15
PETRONET,Petronet LNG Limited,Energy,39772.5,2864463,265.15
COCHINSHIP,Cochin Shipyard Limited,Industrials,39188.51,2589454,1489.6
ASTRAL,Astral Limited,Industrials,38924.72,648981,1448.9
ASTERDM,Aster DM Healthcare Limited,Healthcare,38713.38,1261281,748.9
CONCOR,Container Corporation of India Limited,Industrials,38507.4,1154243,505.6
GODREJIND,Godrej Industries Limited,Industrials,38197.04,779672,1134.1
LTTS,L&T Technology Services Limited,Technology,37703.14,107724,3554.6
GODFRYPHLP,Godfrey Phillips India Limited,Consumer Defensive,36498.17,1084344,2339.9
NAVINFLUOR,Navin Fluorine International Limited,Basic Materials,36287.38,315954,7075.5
UBL,United Breweries Limited,Consumer Defensive,35649.75,273408,1348.3
UBL,United Breweries Limited,Consumer Defensive,35649.75,273408,1348.3
KALYANKJIL,Kalyan Jewellers India Limited,Consumer Cyclical,35541.76,8313985,344.15
POONAWALLA,Poonawalla Fincorp Limited,Financial Services,35413.44,2404305,404.5
JBCHEPHARM,J. B. Chemicals & Pharmaceuticals Limited,Healthcare,34866.93,296011,2171.6
WELCORP,Welspun Corp Limited,Basic Materials,33772.56,1116942,1280.7
TATAINVEST,Tata Investment Corporation Limited,Financial Services,33572.51,800906,663.55
ESCORTS,Escorts Kubota Limited,Industrials,31806.72,144702,2890.8
JUBLFOOD,Jubilant FoodWorks Limited,Consumer Cyclical,31108.26,1890035,473.0
JUBLFOOD,Jubilant FoodWorks Limited,Consumer Cyclical,31108.26,1890035,473.0
CENTRALBK,Central Bank of India,Financial Services,30810.97,5098964,34.04
LICHSGFIN,LIC Housing Finance Limited,Financial Services,29868.42,2008786,543.0
SCHNEIDER,Schneider Electric Infrastructure Limited,Industrials,29761.28,204880,1244.7
MANAPPURAM,Manappuram Finance Limited,Financial Services,29617.27,4629162,315.3
MANAPPURAM,Manappuram Finance Limited,Financial Services,29617.27,4629162,315.3
SJVN,SJVN Limited,Utilities,29300.55,5647456,74.56
EXIDEIND,Exide Industries Limited,Consumer Cyclical,29295.25,4272085,344.65
LALPATHLAB,Dr. Lal PathLabs Limited,Healthcare,28448.0,808078,1703.7
LALPATHLAB,Dr. Lal PathLabs Limited,Healthcare,28448.0,808078,1703.7
PNBHOUSING,PNB Housing Finance Limited,Financial Services,27739.8,2157208,1064.5
ITI,ITI Limited,Technology,27523.12,2117448,285.85
WOCKPHARMA,Wockhardt Limited,Healthcare,26326.98,2717326,1620.2
TATAELXSI,Tata Elxsi Limited,Technology,26078.18,354515,4186.1
TATAELXSI,Tata Elxsi Limited,Technology,26078.18,354515,4186.1
GUJGASLTD,Gujarat Gas Limited,Utilities,25921.33,808398,376.55
ACC,ACC Limited,Basic Materials,25525.92,246204,1359.3
MRPL,Mangalore Refinery and Petrochemicals Limited,Energy,25512.58,10295537,145.57
CDSL,Central Depository Services (India) Limited,Financial Services,25278.55,2150634,1209.5
NBCC,NBCC (India) Limited,Industrials,25131.6,11692138,93.08
DEEPAKNTR,Deepak Nitrite Limited,Basic Materials,24629.86,277153,1805.8
DEEPAKNTR,Deepak Nitrite Limited,Basic Materials,24629.86,277153,1805.8
AEGISLOG,AEGISLOG,Energy,24587.55,573422,700.5
GESHIP,The Great Eastern Shipping Company Limited,Industrials,24497.42,2107305,1715.9
KIRLOSENG,Kirloskar Oil Engines Limited,Industrials,24137.43,451662,1660.3
SUMICHEM,Sumitomo Chemical India Limited,Basic Materials,23404.94,397358,468.9
RAMCOCEM,The Ramco Cements Limited,Basic Materials,21423.45,281821,906.65
HFCL,HFCL Limited,Technology,21143.65,78359588,138.17
CREDITACC,CreditAccess Grameen Limited,Financial Services,20970.48,966035,1310.0
CREDITACC,CreditAccess Grameen Limited,Financial Services,20970.48,966035,1310.0
MTARTECH,MTAR Technologies Limited,Industrials,20947.28,1276894,6810.0
GRINDWELL,Grindwell Norton Limited,Industrials,20792.11,162364,1877.9
CARBORUNIV,Carborundum Universal Limited,Industrials,20500.91,312309,1076.2
AFFLE,Affle 3i Limited,Communication Services,20494.15,673904,1457.2
EIHOTEL,EIH Limited,Consumer Cyclical,20402.51,165291,326.25
TRITURBINE,Triveni Turbine Limited,Industrials,20283.29,5315668,638.05
NATCOPHARM,NATCO Pharma Limited,Healthcare,20255.54,636108,1130.9
KPITTECH,KPIT Technologies Limited,Technology,20245.54,2608711,743.7
RBLBANK,RBL Bank Limited,Financial Services,20024.23,6348138,323.65
TDPOWERSYS,TD Power Systems Limited,Industrials,19626.98,1753363,1256.3
IIFL,IIFL Finance Limited,Financial Services,19594.5,4916567,460.8
STLTECH,Sterlite Technologies Limited,Technology,19570.64,5961631,400.9
CROMPTON,Crompton Greaves Consumer Electricals Limited,Consumer Cyclical,19189.63,6487756,293.6
CROMPTON,Crompton Greaves Consumer Electricals Limited,Consumer Cyclical,19189.63,6487756,293.6
GRANULES,Granules India Limited,Healthcare,18992.4,1605843,766.45
GRANULES,Granules India Limited,Healthcare,18992.4,1605843,766.45
EMAMILTD,Emami Limited,Consumer Defensive,18989.93,407133,435.05
EMAMILTD,Emami Limited,Consumer Defensive,18989.93,407133,435.05
SARDAEN,Sarda Energy & Minerals Limited,Basic Materials,18956.35,540185,537.95
SYNGENE,Syngene International Limited,Healthcare,18941.25,4248598,471.35
SYNGENE,Syngene International Limited,Healthcare,18941.25,4248598,471.35
INDIACEM,The India Cements Limited,Basic Materials,18902.93,1682339,406.65
INDIACEM,The India Cements Limited,Basic Materials,18902.93,1682339,406.65
GPIL,Godawari Power & Ispat Limited,Basic Materials,18892.31,2299670,290.55
CUB,City Union Bank Limited,Financial Services,18659.0,3474002,251.1
CHAMBLFERT,Chambal Fertilisers and Chemicals Limited,Basic Materials,18159.57,1013355,453.25
CHAMBLFERT,Chambal Fertilisers and Chemicals Limited,Basic Materials,18159.57,1013355,453.25
VTL,Vardhman Textiles Limited,Consumer Cyclical,17753.22,803347,613.7
KANSAINER,Kansai Nerolac Paints Limited,Basic Materials,17427.4,942244,215.51
KANSAINER,Kansai Nerolac Paints Limited,Basic Materials,17427.4,942244,215.51
REDINGTON,Redington Limited,Technology,17295.98,3275424,221.24
AVANTIFEED,Avanti Feeds Limited,Consumer Defensive,17267.77,687738,1267.4
AARTIIND,Aarti Industries Limited,Basic Materials,17036.8,1418932,469.25
KAJARIACER,Kajaria Ceramics Limited,Industrials,16793.67,465312,1054.4
DEEPAKFERT,Deepak Fertilisers And Petrochemicals Corporation Limited,Basic Materials,16737.09,395629,1324.5
FSL,Firstsource Solutions Limited,Technology,16710.81,8107737,242.06
ZYDUSWELL,Zydus Wellness Limited,Consumer Defensive,16197.39,665500,509.1
FINCABLES,Finolex Cables Limited,Industrials,16154.22,631407,1056.25
GABRIEL,Gabriel India Limited,Consumer Cyclical,15733.32,428273,1095.3
GSPL,Gujarat State Petronet Limited,,15628.66,1254366,277.0
CAPLIPOINT,Caplin Point Laboratories Limited,Healthcare,15492.7,211073,2038.2
BEML,BEML Limited,Industrials,15211.9,390899,1826.4
SOBHA,Sobha Limited,Real Estate,14843.05,263418,1387.8
POLYMED,Poly Medicure Limited,Healthcare,14766.28,123837,1455.1
GRAPHITE,Graphite India Limited,Industrials,14614.1,2430366,748.0
KSB,KSB Limited,Industrials,14570.56,311856,837.2
USHAMART,Usha Martin Limited,Basic Materials,14305.29,923444,469.95
ZENTEC,Zen Technologies Limited,Industrials,14070.29,1005270,1564.5
ABREL,Aditya Birla Real Estate Limited,Real Estate,14056.65,297909,1271.2
VGUARD,V-Guard Industries Limited,Industrials,13665.41,366078,312.85
VIJAYA,Vijaya Diagnostic Centre Limited,Healthcare,13377.6,374408,1300.1
IRCON,Ircon International Limited,Industrials,13251.87,3706261,140.9
TRIDENT,Trident Limited,Consumer Cyclical,12453.61,5735019,24.44
TRIDENT,Trident Limited,Consumer Cyclical,12453.61,5735019,24.44
JMFINANCIL,JM Financial Limited,Financial Services,12343.2,2408999,129.05
MINDACORP,Minda Corporation Limited,Consumer Cyclical,12243.47,278073,520.2
THANGAMAYL,Thangamayil Jewellery Limited,Consumer Cyclical,11354.57,148331,3653.1
RPOWER,Reliance Power Limited,Utilities,11212.08,51218339,27.11
ZENSARTECH,Zensar Technologies Limited,Technology,11197.42,522560,493.9
CANFINHOME,Can Fin Homes Limited,Financial Services,11164.97,194393,838.5
IEX,Indian Energy Exchange Limited,Financial Services,11158.94,8682499,125.48
BALRAMCHIN,Balrampur Chini Mills Limited,Consumer Defensive,11116.36,1136652,550.45
GODREJAGRO,Godrej Agrovet Limited,Consumer Defensive,11011.65,209271,572.45
NAZARA,Nazara Technologies Limited,Communication Services,10926.87,4983271,294.95
ELECON,Elecon Engineering Company Limited,Industrials,10886.76,1235596,485.15
WHIRLPOOL,Whirlpool of India Limited,Consumer Cyclical,10786.33,384176,849.85
WHIRLPOOL,Whirlpool of India Limited,Consumer Cyclical,10786.33,384176,849.85
PCBL,PCBL Chemical Limited,Basic Materials,10763.17,1317984,273.55
STAR,Strides Pharma Science Limited,Healthcare,10633.04,403867,1153.6
STAR,Strides Pharma Science Limited,Healthcare,10633.04,403867,1153.6
JKTYRE,JK Tyre & Industries Limited,Consumer Cyclical,10626.35,936120,368.6
METROPOLIS,Metropolis Healthcare Limited,Healthcare,10540.76,770143,508.4
METROPOLIS,Metropolis Healthcare Limited,Healthcare,10540.76,770143,508.4
UJJIVANSFB,Ujjivan Small Finance Bank Limited,Financial Services,10525.25,15516664,54.13
MGL,Mahanagar Gas Limited,Utilities,10464.52,224294,1059.4
EDELWEISS,Edelweiss Financial Services Limited,Financial Services,10320.98,5664989,109.04
FINPIPE,Finolex Industries Limited,Industrials,10255.36,320041,165.86
RAILTEL,RailTel Corporation of India Limited,Communication Services,10184.98,1599193,317.35
SOUTHBANK,The South Indian Bank Limited,Financial Services,10143.17,14207079,38.75
CYIENT,Cyient Limited,Industrials,10004.08,448242,905.85
CYIENT,Cyient Limited,Industrials,10004.08,448242,905.85
TITAGARH,Titagarh Rail Systems Limited,Industrials,9960.47,1690967,739.6
MARKSANS,Marksans Pharma Limited,Healthcare,9847.25,2121417,217.3
VESUVIUS,Vesuvius India Limited,Industrials,9716.75,119244,478.75
INTELLECT,Intellect Design Arena Limited,Technology,9686.35,915889,697.1
NCC,NCC Limited,Industrials,9359.31,3145437,149.07
SHILPAMED,Shilpa Medicare Limited,Healthcare,9240.26,684700,472.45
BSOFT,Birlasoft Limited,Technology,8968.71,1149192,320.9
LEMONTREE,Lemon Tree Hotels Limited,Consumer Cyclical,8790.3,8251292,111.01
WABAG,VA Tech Wabag Limited,Industrials,8669.36,323717,1391.2
TIMETECHNO,Time Technoplast Limited,Consumer Cyclical,8524.59,2928100,172.69
STARCEMENT,Star Cement Limited,Basic Materials,8516.89,211725,210.72
MAHSEAMLES,Maharashtra Seamless Limited,Basic Materials,8512.3,140290,635.25
ZEEL,Zee Entertainment Enterprises Limited,Communication Services,8421.83,18433841,87.68
ZEEL,Zee Entertainment Enterprises Limited,Communication Services,8421.83,18433841,87.68
SHARDACROP,Sharda Cropchem Limited,Basic Materials,8266.9,738444,916.3
CLEAN,Clean Science and Technology Limited,Basic Materials,8110.55,744810,763.15
GNFC,Gujarat Narmada Valley Fertilizers & Chemicals Limited,Basic Materials,8022.23,724330,545.95
JKLAKSHMI,JK Lakshmi Cement Limited,Basic Materials,8002.35,140905,644.6
JYOTHYLAB,Jyothy Labs Limited,Consumer Defensive,7840.03,968984,213.5
IMFA,Indian Metals and Ferro Alloys Limited,Basic Materials,7681.99,260167,1423.8
KRBL,KRBL Limited,Consumer Defensive,7626.61,584029,333.2
RELIGARE,Religare Enterprises Limited,Financial Services,7599.03,1540144,228.07
ABFRL,Aditya Birla Fashion and Retail Limited,Consumer Cyclical,7597.56,4463438,62.46
SAREGAMA,Saregama India Limited,Communication Services,7568.96,7024005,394.3
THYROCARE,Thyrocare Technologies Limited,Healthcare,7490.95,826035,470.65
SONATSOFTW,Sonata Software Limited,Technology,7326.75,2175682,264.7
WESTLIFE,Westlife Foodworld Limited,Consumer Cyclical,7239.26,145594,466.4
RELAXO,Relaxo Footwears Limited,Consumer Cyclical,7237.89,148265,290.75
DBL,Dilip Buildcon Limited,Industrials,7219.86,141367,444.45
JKPAPER,JK Paper Limited,Basic Materials,7177.5,519109,395.85
TTKPRESTIG,TTK Prestige Limited,Consumer Cyclical,7154.32,785143,522.4
PRAJIND,Praj Industries Limited,Industrials,7096.1,2903285,386.05
GSFC,Gujarat State Fertilizers & Chemicals Limited,Basic Materials,7030.74,595340,176.44
MAHLIFE,Mahindra Lifespace Developers Limited,Real Estate,7016.84,264394,328.9
BAJAJCON,Bajaj Consumer Care Limited,Consumer Defensive,6880.32,1470979,526.75
RCF,Rashtriya Chemicals and Fertilizers Limited,Basic Materials,6864.1,1145479,124.42
SUDARSCHEM,Sudarshan Chemical Industries Limited,Basic Materials,6736.02,208771,856.7
WELENT,Welspun Enterprises Limited,Industrials,6693.22,419063,493.55
INDIAGLYCO,India Glycols Limited,Basic Materials,6690.61,183970,998.2
NEWGEN,Newgen Software Technologies Limited,Technology,6509.57,1559332,461.15
SFL,Sheela Foam Limited,Consumer Cyclical,6405.32,378198,586.55
PRSMJOHNSN,Prism Johnson Limited,Basic Materials,6299.0,1863583,125.14
PTC,PTC India Limited,Utilities,6131.52,2373183,207.14
CSBBANK,CSB Bank Limited,Financial Services,6095.26,817556,359.65
MOIL,MOIL Limited,Basic Materials,6065.89,788653,298.1
SPARC,Sun Pharma Advanced Research Company Limited,Healthcare,5833.93,5308463,179.77
SUPRIYA,Supriya Lifescience Limited,Healthcare,5799.59,230378,720.6
ARVINDFASN,Arvind Fashions Limited,Consumer Cyclical,5737.81,618011,429.3
SIS,SIS Limited,Industrials,5724.98,252099,404.25
DCBBANK,DCB Bank Limited,Financial Services,5699.55,1782495,177.05
PNCINFRA,PNC Infratech Limited,Industrials,5492.25,871047,214.09
HAPPSTMNDS,Happiest Minds Technologies Limited,Technology,5417.69,651832,360.55
DHANUKA,Dhanuka Agritech Limited,Basic Materials,5326.45,206144,1181.6
SURYAROSNI,Surya Roshni Limited,Basic Materials,5215.07,767629,239.65
RAIN,Rain Industries Limited,Basic Materials,5163.24,8015389,153.51
RAIN,Rain Industries Limited,Basic Materials,5163.24,8015389,153.51
RENUKA,Shree Renuka Sugars Limited,Consumer Defensive,5023.24,11730775,23.6
SYMPHONY,Symphony Limited,Consumer Cyclical,5003.74,170814,728.65
NETWORK18,Network18 Media & Investments Limited,Communication Services,4970.16,3116247,32.18
RALLIS,Rallis India Limited,Basic Materials,4922.01,593051,253.1
JAMNAAUTO,Jamna Auto Industries Limited,Consumer Cyclical,4509.59,1775384,112.8
TEXRAIL,Texmaco Rail & Engineering Limited,Industrials,4441.74,10277384,109.17
RESPONIND,Responsive Industries Limited,Basic Materials,4410.24,395879,165.42
THOMASCOOK,Thomas Cook (India) Limited,Consumer Cyclical,4402.98,1351925,93.18
JUSTDIAL,Just Dial Limited,Communication Services,4399.59,161888,517.3
SUNTECK,Sunteck Realty Limited,Real Estate,4345.06,1432736,295.9
LXCHEM,Laxmi Organic Industries Limited,Basic Materials,4345.01,930778,156.74
VIPIND,V.I.P. Industries Limited,Consumer Cyclical,4179.88,599589,294.25
LUXIND,Lux Industries Limited,Consumer Cyclical,4164.33,181056,1384.8
ORIENTELEC,Orient Electric Limited,Consumer Cyclical,4030.51,557323,188.88
VISHNU,Vishnu Chemicals Limited,Basic Materials,4026.13,113724,598.1
GREAVESCOT,Greaves Cotton Limited,Industrials,3962.5,1159450,170.1
VAIBHAVGBL,Vaibhav Global Limited,Consumer Cyclical,3737.31,249456,223.79
SHOPERSTOP,Shoppers Stop Limited,Consumer Cyclical,3726.07,293722,338.35
DBCORP,D. B. Corp Limited,Communication Services,3696.64,210534,207.39
MAHLOG,Mahindra Logistics Limited,Industrials,3533.31,303323,356.1
RAYMOND,Raymond Limited,Industrials,3461.01,1325223,520.05
NRBBEARING,NRB Bearings Limited,Consumer Cyclical,3457.23,887196,356.7
TFCILTD,Tourism Finance Corporation of India Limited,Financial Services,3382.05,4683960,73.05
ROUTE,Route Mobile Limited,Communication Services,3274.27,293665,519.7
RAJESHEXPO,Rajesh Exports Limited,Consumer Cyclical,3200.62,146658,108.4
RAJESHEXPO,Rajesh Exports Limited,Consumer Cyclical,3200.62,146658,108.4
NAVNETEDUL,Navneet Education Limited,Communication Services,3156.27,128477,142.68
RPSGVENT,RPSG Ventures Limited,Technology,3078.52,154573,930.45
QUESS,Quess Corp Limited,Industrials,3068.16,1357590,205.46
PSPPROJECT,PSP Projects Limited,Industrials,3064.31,108193,773.0
MSTCLTD,MSTC Limited,Industrials,2976.51,162845,422.8
EASEMYTRIP,Easy Trip Planners Limited,Consumer Cyclical,2898.57,15246950,7.97
NOCIL,NOCIL Limited,Basic Materials,2866.48,786001,171.62
SOLARA,Solara Active Pharma Sciences Limited,Healthcare,2806.72,316879,582.65
ROSSARI,Rossari Biotech Limited,Basic Materials,2797.0,404527,504.95
ORIENTCEM,Orient Cement Limited,Basic Materials,2784.6,317678,135.53
SASKEN,Sasken Technologies Limited,Technology,2769.1,458572,1823.4
PARAGMILK,Parag Milk Foods Limited,Consumer Defensive,2696.96,725525,214.03
WINDMACHIN,Windsor Machines Limited,Industrials,2623.57,113223,287.35
KIRIINDUS,Kiri Industries Limited,Basic Materials,2544.16,191947,390.4
PATELENG,Patel Engineering Limited,Industrials,2469.75,5360741,25.86
TIRUMALCHM,Thirumalai Chemicals Limited,Basic Materials,2447.58,299823,203.03
EVEREADY,Eveready Industries India Limited,Industrials,2335.81,173550,321.35
SPANDANA,Spandana Sphoorty Financial Limited,Financial Services,2278.83,716039,257.09
MOLDTKPAC,Mold-Tek Packaging Limited,Consumer Cyclical,2265.55,281316,681.8
VENKEYS,Venky's (India) Limited,Consumer Defensive,2132.54,126362,1513.8
KCP,The KCP Limited,Basic Materials,2077.95,194195,161.18
SOMANYCERA,Somany Ceramics Limited,Industrials,2059.25,273635,502.1
TAJGVK,TAJGVK Hotels & Resorts Limited,Consumer Cyclical,1935.28,119271,308.65
DELTACORP,Delta Corp Limited,Consumer Cyclical,1862.62,8916086,69.56
HATHWAY,Hathway Cable and Datacom Limited,Communication Services,1803.74,1941422,10.19
INDIANHUME,The Indian Hume Pipe Company Limited,Industrials,1624.71,355427,308.4
SBC,SBC Exports Limited,Industrials,1620.95,11491699,34.04
WALCHANNAG,Walchandnagar Industries Limited,Industrials,1606.01,1911179,236.49
ONEPOINT,One Point One Solutions Limited,Industrials,1575.77,1441253,60.03
KALAMANDIR,Sai Silks (Kalamandir) Limited,Consumer Cyclical,1500.32,925728,101.82
JAGRAN,Jagran Prakashan Limited,Communication Services,1477.87,170713,67.9
OMAXE,Omaxe Limited,Real Estate,1373.92,166682,74.81
PNBGILTS,PNB Gilts Ltd.,Financial Services,1308.67,1733383,72.7
STEELXIND,Steel Exchange India Limited,Basic Materials,1301.03,3598160,10.2
IGARASHI,Igarashi Motors India Limited,Consumer Cyclical,1253.18,148585,398.15
SHREEPUSHK,Shree Pushkar Chemicals & Fertilisers Limited,Basic Materials,1195.85,494094,369.8
TNPL,Tamil Nadu Newsprint and Papers Limited,Basic Materials,1037.88,249490,149.96
HIMATSEIDE,Himatsingka Seide Limited,Consumer Cyclical,962.18,1002428,76.52
UTTAMSUGAR,Uttam Sugar Mills Limited,Consumer Defensive,936.67,322394,245.6
ZUARI,Zuari Agro Chemicals Limited,Basic Materials,903.03,173087,214.71
NIITLTD,NIIT Limited,Consumer Defensive,871.94,497885,63.93
TBZ,Tribhovandas Bhimji Zaveri Limited,Consumer Cyclical,866.76,241086,129.89
TNPETRO,Tamilnadu Petroproducts Limited,Basic Materials,816.49,122629,90.75
KELLTONTEC,Kellton Tech Solutions Limited,Technology,802.42,2432330,15.1
KECL,Kirloskar Electric Company Limited,Industrials,720.26,164777,108.45
PVP,PVP Ventures Limited,Industrials,672.62,4384894,25.83
SATIA,Satia Industries Limited,Basic Materials,640.7,143153,64.07
VISAKAIND,Visaka Industries Limited,Industrials,636.03,144197,73.61
DISHTV,Dish TV India Limited,Communication Services,618.66,3512335,3.36
SUBEXLTD,Subex Limited,Technology,575.38,3289973,10.37
